duration,total_fiat,total_biat,min_fiat,min_biat,max_fiat,max_biat,mean_fiat,mean_biat,flowpktspersecond,flowbytespersecond,min_flowiat,max_flowiat,mean_flowiat,std_flowiat,min_active,mean_active,max_active,std_active,min_idle,mean_idle,max_idle,std_idle,class1
54712.0,-1.0,-1.0,-1.0,-1.0,0.0,0.0,0.0,0.0,36.5550519082,8188.3316274309,54712.0,54712.0,54712.0,0.0,-1.0,0.0,-1.0,0.0,-1.0,0.0,-1.0,0.0,Non-VPN
20047973.0,49.0,50.0,19842088.0,59916.0,2227552.55555556,20373.5,6605537.83989583,27637.0382657042,0.8479660263,277.1851298882,3.0,19842088.0,1252998.3125,4957134.50931742,20047973.0,20000000.0,20047973.0,0.0,19842088.0,19800000.0,19842088.0,0.0,Non-VPN
11529.0,11529.0,-1.0,11529.0,-1.0,11529.0,0.0,0.0,0.0,173.4755833116,6939.023332466,11529.0,11529.0,11529.0,0.0,-1.0,0.0,-1.0,0.0,-1.0,0.0,-1.0,0.0,Non-VPN
14426410.0,960073.0,960300.0,963037.0,963054.0,961725.466666667,961713.2,833.3612119146,746.1068192386,2.218154066,248.4332553976,505.0,962325.0,465368.064516129,487798.270690623,-1.0,0.0,-1.0,0.0,-1.0,0.0,-1.0,0.0,Non-VPN
13584535.0,1.0,69.0,3926093.0,3926161.0,645717.095238095,677991.65,1076766.45899928,1095060.42721365,3.1653641439,1057.0107846901,1.0,3900933.0,323441.30952381,811397.531030439,3206815.0,4388954.66666667,5018588.0,1024489.03711159,2074008.0,3011436.66666667,3900933.0,914405.200302269,Non-VPN
14980444.0,97.0,181.0,37429.0,24483.0,19089.1849489796,19156.5780051151,4862.8365990957,3470.146287924,104.6697948339,12180.413344224,24.0,21837.0,9559.9514996809,5530.4085501311,-1.0,0.0,-1.0,0.0,-1.0,0.0,-1.0,0.0,Non-VPN
258281.0,6.0,10.0,75235.0,90456.0,13800.0,21168.0,22195.5102199313,30688.8298033666,104.5373062672,24302.9878310832,3.0,75215.0,9933.8846153846,19908.8911952965,-1.0,0.0,-1.0,0.0,-1.0,0.0,-1.0,0.0,Non-VPN
5260501.0,4.0,4.0,4986135.0,4945673.0,327213.1875,227627.304347826,1242690.32444358,1028704.71943507,7.7939344561,2132.8766974857,4.0,4920629.0,131512.525,776809.696186629,5043550.0,5043550.0,5043550.0,0.0,4920629.0,4920629.0,4920629.0,0.0,Non-VPN
5735816.0,42461.0,560.0,5409635.0,5446611.0,1433954.0,1830187.33333333,2652000.61643287,3131987.98309633,1.5690879903,841.554192115,27.0,5409635.0,716977.0,1897246.74766271,5499046.0,5499046.0,5499046.0,0.0,5409635.0,5409635.0,5409635.0,0.0,Non-VPN
1813369.0,1581.0,96161.0,1472368.0,1523333.0,440764.0,587799.0,695630.830927104,810547.792241457,4.9631376736,409.734587941,652.0,1472368.0,226671.125,505264.334620698,1522681.0,1522681.0,1522681.0,0.0,1472368.0,1472368.0,1472368.0,0.0,Non-VPN
14981784.0,5.0,5.0,258056.0,258055.0,49157.8881578947,17481.6616102684,23928.9712535135,27505.7785496947,77.627604296,366480.787601797,2.0,258024.0,12893.1015490534,17040.6171871214,-1.0,0.0,-1.0,0.0,-1.0,0.0,-1.0,0.0,Non-VPN
40592.0,-1.0,-1.0,-1.0,-1.0,0.0,0.0,0.0,0.0,49.2707922743,2020.1024832479,40592.0,40592.0,40592.0,0.0,-1.0,0.0,-1.0,0.0,-1.0,0.0,-1.0,0.0,Non-VPN
12284671.0,116.0,3.0,5894628.0,5895053.0,1023722.58333333,815564.266666667,2079807.01263353,1891112.61232244,2.3606655807,1129.8633882829,3.0,5894429.0,438738.25,1422656.22610522,1224231.0,4077913.66666667,6007751.0,2522029.64842621,1119913.0,3971202.0,5894429.0,2518923.39412029,Non-VPN
221.0,-1.0,-1.0,-1.0,-1.0,0.0,0.0,0.0,0.0,9049.7737556561,2253393.66515837,221.0,221.0,221.0,0.0,-1.0,0.0,-1.0,0.0,-1.0,0.0,-1.0,0.0,Non-VPN
14424462.0,959995.0,959828.0,963126.0,963345.0,961586.733333333,961587.333333333,830.8511098065,1093.7113857129,2.2184536241,248.4668059024,494.0,962632.0,465305.225806452,487649.033258566,-1.0,0.0,-1.0,0.0,-1.0,0.0,-1.0,0.0,Non-VPN
11071813.0,52.0,36.0,6977117.0,7027071.0,580048.473684211,920516.25,1757460.67597296,2192291.47076443,2.9805416692,1758.8808626013,36.0,6977117.0,345994.15625,1369439.98473748,3809390.0,5428756.5,7048123.0,2290130.06675243,3639820.0,5308468.5,6977117.0,2359825.33953331,Non-VPN
14998683.0,193.0,3.0,43335.0,36212.0,19156.0895140665,19155.4061302682,4993.4905269185,3695.5491294387,104.4758396454,12118.7306912214,3.0,36212.0,9577.7030651341,6073.9620767549,-1.0,0.0,-1.0,0.0,-1.0,0.0,-1.0,0.0,Non-VPN
11289803.0,11289571.0,11289593.0,11289571.0,11289593.0,11300000.0,11300000.0,0.0,0.0,0.3543020193,70.2403753192,210.0,11289361.0,3763267.66666667,6517788.01792862,11289571.0,11300000.0,11289571.0,0.0,11289361.0,11300000.0,11289361.0,0.0,Non-VPN
14984509.0,217.0,4.0,38056.0,23850.0,19187.3743589744,19155.1483375959,4401.3364281658,3463.6525638351,104.3744576482,12219.3526661434,4.0,23268.0,9587.0179142674,6689.1093196864,-1.0,0.0,-1.0,0.0,-1.0,0.0,-1.0,0.0,Non-VPN
5501918.0,1.0,90.0,3694547.0,3699207.0,366044.6,500174.363636364,950510.299350775,1092881.47617862,5.089134371,1294.6394330123,1.0,3694499.0,203774.740740741,721333.924674018,5345770.0,5345770.0,5345770.0,0.0,3694499.0,3694499.0,3694499.0,0.0,Non-VPN
14999955.0,5984.0,15565.0,25134.0,26156.0,19996.4753004005,19999.94,3129.2114060555,2729.8484915435,100.0669668676,11107.4333223,30.0,23233.0,9999.97,6077.6023663488,-1.0,0.0,-1.0,0.0,-1.0,0.0,-1.0,0.0,Non-VPN
11102477.0,1.0,1.0,7407990.0,7408151.0,284036.564102564,221548.16,1227133.67673908,1085280.16663796,8.1963691526,2298.5861623492,1.0,7382852.0,123360.855555556,809227.225874293,2346898.0,5024865.5,7702833.0,3787217.95809424,2220368.0,4801610.0,7382852.0,3650427.44416692,Non-VPN
313656.0,95.0,1.0,111615.0,156239.0,26117.5833333333,19681.9285714286,37488.3850423479,42201.3718897754,89.2697732548,12096.0542760221,1.0,111544.0,11616.8888888889,25119.9160655649,-1.0,0.0,-1.0,0.0,-1.0,0.0,-1.0,0.0,Non-VPN
10138622.0,54.0,5.0,41745.0,10008351.0,21060.875,1121876.88888889,21168.9562124588,3332477.28458226,1.8740219332,1154.3975108254,1.0,9970135.0,563256.777777778,2347706.63960656,10138622.0,10100000.0,10138622.0,0.0,9970135.0,9970135.0,9970135.0,0.0,Non-VPN
390879.0,138.0,1.0,341878.0,283012.0,121318.333333333,36900.7,191321.05430358,88605.8136411551,38.3750470094,23692.7540236237,1.0,283012.0,27919.9285714286,74463.3503130275,-1.0,0.0,-1.0,0.0,-1.0,0.0,-1.0,0.0,Non-VPN
6561301.0,5.0,8.0,1446558.0,1496535.0,1774.7354611848,1054.811143505,24287.6680298236,19410.1570720947,1504.7320645707,1229934.73398035,0.0,1446558.0,664.6374594814,14879.6426846855,6277205.0,6277205.0,6277205.0,0.0,1446558.0,1446558.0,1446558.0,0.0,Non-VPN
0.0,-1.0,-1.0,-1.0,-1.0,0.0,0.0,0.0,0.0,0.0,0.0,-1.0,-1.0,0.0,0.0,-1.0,0.0,-1.0,0.0,-1.0,0.0,-1.0,0.0,Non-VPN
14990274.0,162.0,2.0,38887.0,39657.0,18291.1953601954,16925.7649717514,5317.8633067078,6090.5664731558,113.8071258738,15617.3929842777,2.0,27956.0,8791.9495601173,6012.6145619112,-1.0,0.0,-1.0,0.0,-1.0,0.0,-1.0,0.0,Non-VPN
14991664.0,5.0,12.0,461767.0,461685.0,591.7765365334,297.1939180081,9071.285708438,7056.3436970063,5054.7424221888,4995875.04095609,3.0,461672.0,197.8366280451,5249.1130000465,-1.0,0.0,-1.0,0.0,-1.0,0.0,-1.0,0.0,Non-VPN
171885.0,-1.0,-1.0,-1.0,-1.0,0.0,0.0,0.0,0.0,11.635686651,500.3345259912,171885.0,171885.0,171885.0,0.0,-1.0,0.0,-1.0,0.0,-1.0,0.0,-1.0,0.0,Non-VPN
163537.0,7.0,689.0,66086.0,98786.0,1384.6095238095,40841.25,8913.2398398235,43665.5432110568,678.7454826736,31216.1773788195,7.0,66086.0,1486.7,8043.1450225722,-1.0,0.0,-1.0,0.0,-1.0,0.0,-1.0,0.0,Non-VPN
3806275.0,41.0,81470.0,68856.0,484051.0,30208.5317460317,330872.3,14309.0199179044,145159.398149108,36.2559195013,7912.1976210337,41.0,68856.0,27783.0291970803,15401.9990750063,-1.0,0.0,-1.0,0.0,-1.0,0.0,-1.0,0.0,Non-VPN
0.0,-1.0,-1.0,-1.0,-1.0,0.0,0.0,0.0,0.0,0.0,0.0,-1.0,-1.0,0.0,0.0,-1.0,0.0,-1.0,0.0,-1.0,0.0,-1.0,0.0,Non-VPN
6851933.0,242971.0,200325.0,1017935.0,1029770.0,565776.916666667,570994.416666667,279742.796043391,325090.22098599,3.7945496548,193.2301439608,175.0,967418.0,274077.32,330492.073945077,-1.0,0.0,-1.0,0.0,-1.0,0.0,-1.0,0.0,Non-VPN
10022650.0,4997930.0,4996785.0,5000193.0,5001966.0,4999061.5,4999375.5,1600.1823333608,3663.5200968468,0.5986440712,156.0465545539,23899.0,4976294.0,2004530.0,2710995.24049808,4997930.0,4999061.5,5000193.0,1600.1823333608,4972258.0,4974276.0,4976294.0,2853.882793669,Non-VPN
14993634.0,15383.0,5865.0,25201.0,24766.0,20004.4485981308,19991.512,2705.0075771319,3202.9017985411,100.1091529912,11112.1159820228,50.0,20829.0,9995.756,3983.9003173134,-1.0,0.0,-1.0,0.0,-1.0,0.0,-1.0,0.0,Non-VPN
14427445.0,960638.0,959798.0,964458.0,965183.0,961770.866666667,961783.666666667,1055.9053235878,1315.788420175,2.2179949395,248.4154332247,479.0,963864.0,465401.451612903,487755.996486654,-1.0,0.0,-1.0,0.0,-1.0,0.0,-1.0,0.0,Non-VPN
128151.0,2.0,1001.0,2159.0,45387.0,77.8355663825,18282.5714285714,253.6770927768,18903.1380759663,12883.239303634,522329.12735757,2.0,2134.0,77.6672727273,252.342912766,-1.0,0.0,-1.0,0.0,-1.0,0.0,-1.0,0.0,Non-VPN
12574025.0,90485.0,36578.0,5911281.0,6133401.0,2082183.33333333,2067124.66666667,2725901.50520595,2821561.81905895,1.1134064073,113.5674535401,83.0,5911281.0,967232.692307692,2019100.94127464,5218917.0,6115340.5,7011764.0,1267734.27132956,5047640.0,5479460.5,5911281.0,610686.407609912,Non-VPN
14999982.0,69.0,24.0,24173.0,121093.0,18072.2674698795,41144.08815427,4587.289376202,23951.4884818821,79.6667622668,12983.6822470854,24.0,21169.0,12562.7989949749,7426.5516001397,-1.0,0.0,-1.0,0.0,-1.0,0.0,-1.0,0.0,Non-VPN
14988262.0,14088.0,6476.0,25569.0,24384.0,19997.7596795728,20003.0640854473,2754.2245557323,3040.7655800361,100.0783146171,11108.6929225016,50.0,21619.0,9998.8405603736,4397.3295406851,-1.0,0.0,-1.0,0.0,-1.0,0.0,-1.0,0.0,Non-VPN
11008015.0,5010812.0,5002519.0,5997009.0,5997034.0,5503910.5,5499776.5,697346.586285113,703228.300491028,0.5450573968,122.0928568866,169.0,5996840.0,2201603.0,3031104.92773242,5002519.0,5499776.5,5997034.0,703228.300491028,5002350.0,5499595.0,5996840.0,703210.622821499,Non-VPN
12002146.0,31.0,5.0,4329912.0,4370938.0,217017.872727273,117406.931372549,811950.113384723,598551.515155451,13.247630882,2108.4562710702,5.0,4320018.0,75962.9493670886,480282.196786872,4370938.0,4578507.5,4786077.0,293547.602033299,4173044.0,4246531.0,4320018.0,103926.312053301,Non-VPN
57410.0,-1.0,-1.0,-1.0,-1.0,0.0,0.0,0.0,0.0,34.8371363874,2316.6695697614,57410.0,57410.0,57410.0,0.0,-1.0,0.0,-1.0,0.0,-1.0,0.0,-1.0,0.0,Non-VPN
104863824.0,207.0,75.0,101976475.0,1265077.0,7490273.14285714,125409.19047619,27200000.0,286882.410211766,0.3528385537,189.5792013078,27.0,101976475.0,2912884.0,17000000.0,104863824.0,105000000.0,104863824.0,0.0,101976475.0,102000000.0,101976475.0,0.0,Non-VPN
245.0,-1.0,-1.0,-1.0,-1.0,0.0,0.0,0.0,0.0,8163.2653061225,1828571.42857143,245.0,245.0,245.0,0.0,-1.0,0.0,-1.0,0.0,-1.0,0.0,-1.0,0.0,Non-VPN
14981864.0,131.0,2.0,37972.0,40380.0,18473.3218249075,17040.2878270762,5087.996576791,6146.6999619923,112.9365478154,15570.7594195222,2.0,22807.0,8859.765819042,5835.8680473798,-1.0,0.0,-1.0,0.0,-1.0,0.0,-1.0,0.0,Non-VPN
356742.0,3.0,12.0,83566.0,60388.0,19819.0,20299.3076923077,29415.1988594532,27426.8955403409,92.5038262946,78555.370547903,2.0,59650.0,11148.1875,21545.0644163726,-1.0,0.0,-1.0,0.0,-1.0,0.0,-1.0,0.0,Non-VPN
13101932.0,66.0,1.0,3880916.0,3881040.0,319556.195121951,242593.740740741,920860.001000606,808309.895909621,7.4034882794,2183.4184454629,1.0,3880733.0,136478.458333333,615293.496061042,2006069.0,3251170.0,3992186.0,862211.405316391,1871670.0,2964215.25,3880733.0,884384.957450044,Non-VPN
11821099.0,884.0,3.0,8209931.0,8209504.0,907334.615384615,453689.923076923,2250102.31876179,1622397.33364141,3.468374641,504.2678349957,3.0,8184454.0,295527.475,1312204.09928818,1736541.0,5000905.5,8265270.0,4616508.54842916,1581397.0,4882925.5,8184454.0,4669066.38126119,Non-VPN
14423938.0,959039.0,958818.0,963281.0,963875.0,961507.533333333,961555.533333333,1152.8507130876,1341.2224363653,2.2185342172,248.4758323282,492.0,962550.0,465288.322580645,487673.692835137,-1.0,0.0,-1.0,0.0,-1.0,0.0,-1.0,0.0,Non-VPN
13048525.0,3.0,2.0,3545274.0,3582578.0,14563.0859375,12829.5236686391,202507.723933393,192422.040607842,146.5299717784,342693.139646052,1.0,3545274.0,6828.1135531136,138812.60858236,4002264.0,4004181.0,4005843.0,1803.0747350013,3452651.0,3502926.66666667,3545274.0,46817.7197632833,Non-VPN
20804.0,22.0,441.0,18681.0,19404.0,3467.3333333333,6785.3333333333,7467.665931646,10928.1419204425,528.7444722169,95029.8019611613,22.0,18382.0,2080.4,5734.8148221581,-1.0,0.0,-1.0,0.0,-1.0,0.0,-1.0,0.0,Non-VPN
2184954.0,16.0,5.0,868840.0,869005.0,74460.1724137931,52667.756097561,188797.472227057,160409.109935858,32.9526388199,5946.1206048274,5.0,843245.0,30774.0,119481.937938215,-1.0,0.0,-1.0,0.0,-1.0,0.0,-1.0,0.0,Non-VPN
13599835.0,3.0,5.0,3445468.0,3408490.0,7249.5551965536,8802.4822006473,125778.726654568,136341.151655694,250.2971543405,464099.821799309,2.0,3408490.0,3996.4252130473,91866.5064977606,3797728.0,4002830.0,4209299.0,205788.90525609,2798840.0,3076466.0,3408490.0,308443.896725969,Non-VPN
53.0,-1.0,-1.0,-1.0,-1.0,0.0,0.0,0.0,0.0,37735.8490566038,1962264.1509434,53.0,53.0,53.0,0.0,-1.0,0.0,-1.0,0.0,-1.0,0.0,-1.0,0.0,Non-VPN
10316479.0,147.0,427.0,215981.0,10008528.0,51336.6666666667,1711873.5,83640.5109840122,4064994.40155542,1.3570521493,424.6603904297,12.0,10008459.0,793575.307692308,2769139.92790782,10316479.0,10300000.0,10316479.0,0.0,10008459.0,10000000.0,10008459.0,0.0,Non-VPN
49271.0,49139.0,-1.0,49139.0,-1.0,49139.0,0.0,0.0,0.0,60.8877432973,2760.2443628098,132.0,49139.0,24635.5,34653.1820111804,-1.0,0.0,-1.0,0.0,-1.0,0.0,-1.0,0.0,Non-VPN
11.0,-1.0,-1.0,-1.0,-1.0,0.0,0.0,0.0,0.0,181818.181818182,130000000.0,11.0,11.0,11.0,0.0,-1.0,0.0,-1.0,0.0,-1.0,0.0,-1.0,0.0,Non-VPN
168567.0,-1.0,-1.0,-1.0,-1.0,0.0,0.0,0.0,0.0,11.8647184799,2657.6969394959,168567.0,168567.0,168567.0,0.0,-1.0,0.0,-1.0,0.0,-1.0,0.0,-1.0,0.0,Non-VPN
0.0,-1.0,-1.0,-1.0,-1.0,0.0,0.0,0.0,0.0,0.0,0.0,-1.0,-1.0,0.0,0.0,-1.0,0.0,-1.0,0.0,-1.0,0.0,-1.0,0.0,Non-VPN
0.0,-1.0,-1.0,-1.0,-1.0,0.0,0.0,0.0,0.0,0.0,0.0,-1.0,-1.0,0.0,0.0,-1.0,0.0,-1.0,0.0,-1.0,0.0,-1.0,0.0,Non-VPN
14999704.0,31.0,208.0,21124.0,26897.0,19762.4558629776,19756.3280632411,1725.7781378546,2500.5707766139,101.3353330172,12583.4483133801,3.0,20508.0,9874.7228439763,7355.7673555882,-1.0,0.0,-1.0,0.0,-1.0,0.0,-1.0,0.0,Non-VPN
160489.0,156.0,3.0,83281.0,82180.0,36551.6666666667,32097.8,42515.0550491627,34970.9073295218,62.3095663877,18381.3220843796,3.0,82180.0,17832.1111111111,29856.7837850314,-1.0,0.0,-1.0,0.0,-1.0,0.0,-1.0,0.0,Non-VPN
10354565.0,330560.0,331838.0,5000367.0,4999517.0,3443282.66666667,3443403.33333333,2695697.00122507,2694694.64453059,0.7726060921,201.5536142754,24355.0,4974734.0,1479223.57142857,2389893.56247744,4998921.0,5164924.0,5330927.0,234763.693992491,4974138.0,4974436.0,4974734.0,421.4344551647,Non-VPN
11419890.0,3.0,3.0,6013155.0,6013242.0,316522.25,227895.9,1126006.68519789,962185.780048839,7.705853559,1827.5132247333,3.0,5988088.0,131263.103448276,730786.601180195,4689352.0,5406049.5,6122747.0,1013563.3246184,3300263.0,4644175.5,5988088.0,1900579.28414247,Non-VPN
864.0,-1.0,-1.0,-1.0,-1.0,0.0,0.0,0.0,0.0,2314.8148148148,555555.555555556,864.0,864.0,864.0,0.0,-1.0,0.0,-1.0,0.0,-1.0,0.0,-1.0,0.0,Non-VPN
14998265.0,143.0,2.0,38979.0,25010.0,19130.4400510204,19132.3397190294,4695.0896449567,3696.8123271118,104.6121001329,12176.8751252228,2.0,23882.0,9565.2200255102,5183.5156947097,-1.0,0.0,-1.0,0.0,-1.0,0.0,-1.0,0.0,Non-VPN
14998180.0,15586.0,74.0,24635.0,72971.0,19994.1586666667,20046.7152406417,2802.4088758605,5609.7214575939,100.0121348057,11101.3469634316,4.0,23527.0,10005.4569713142,7235.4632228154,-1.0,0.0,-1.0,0.0,-1.0,0.0,-1.0,0.0,Non-VPN
14996928.0,91.0,5905.0,111145.0,24376.0,19995.904,19999.2416555407,6026.8478774481,3412.7202023448,100.087164518,11109.6752614936,74.0,24076.0,9997.952,4515.7445944005,-1.0,0.0,-1.0,0.0,-1.0,0.0,-1.0,0.0,Non-VPN
14999663.0,4.0,4.0,96069.0,96093.0,4793.7561521253,7359.9357212954,13442.5229197332,15335.4789022484,344.6077421873,402516.309866428,1.0,96064.0,2902.4115712074,10168.1790531699,-1.0,0.0,-1.0,0.0,-1.0,0.0,-1.0,0.0,Non-VPN
14974699.0,2.0,4.0,596846.0,2127527.0,233.8335259213,26722.4910714286,6517.142120367,145006.758526242,4314.0766969673,188984.633347221,2.0,596846.0,231.802897788,6479.9829099413,-1.0,0.0,-1.0,0.0,-1.0,0.0,-1.0,0.0,Non-VPN
14996805.0,186.0,2.0,38562.0,23838.0,19132.6998722861,19146.8850574713,4755.9539980479,3629.165813533,104.5556036769,12160.990290932,2.0,21766.0,9570.3924696873,5367.6900790346,-1.0,0.0,-1.0,0.0,-1.0,0.0,-1.0,0.0,Non-VPN
14981589.0,47.0,5.0,5289015.0,5364691.0,595241.043478261,356682.023809524,1394856.88575055,1075752.02184122,4.4721557907,773.9499461639,5.0,5289015.0,226993.772727273,862444.830917198,1291045.0,2942133.8,5338936.0,1658073.21298622,1220666.0,2842645.4,5289015.0,1680802.24919978,Non-VPN
173.0,-1.0,-1.0,-1.0,-1.0,0.0,0.0,0.0,0.0,11560.6936416185,2589595.37572254,173.0,173.0,173.0,0.0,-1.0,0.0,-1.0,0.0,-1.0,0.0,-1.0,0.0,Non-VPN
1913.0,33.0,23.0,830.0,1163.0,429.25,444.75,424.5530002249,509.1678668835,5227.3915316257,1235232.61892316,18.0,696.0,212.5555555556,230.6656731674,-1.0,0.0,-1.0,0.0,-1.0,0.0,-1.0,0.0,Non-VPN
29868.0,8.0,-1.0,29860.0,-1.0,14934.0,0.0,21108.5516082937,0.0,100.441944556,23704.298915227,8.0,29860.0,14934.0,21108.5516082937,-1.0,0.0,-1.0,0.0,-1.0,0.0,-1.0,0.0,Non-VPN
14999468.0,207.0,2.0,35547.0,93368.0,18367.8345588235,16986.9399773499,5332.1455447145,6931.561547948,113.4040220627,15528.4174078707,2.0,24381.0,8823.2164705882,5190.9468457676,-1.0,0.0,-1.0,0.0,-1.0,0.0,-1.0,0.0,Non-VPN
14992193.0,14484.0,5674.0,25659.0,24691.0,20003.9732977303,20004.1468624833,2717.1245605655,3169.1133155841,100.0520737693,11105.7801883954,29.0,22423.0,10001.4629753169,5010.4331745461,-1.0,0.0,-1.0,0.0,-1.0,0.0,-1.0,0.0,Non-VPN
217995.0,4.0,6.0,139335.0,78619.0,43599.0,19675.75,63427.9084492781,39295.5032107153,50.4598729329,17780.2243170715,1.0,139271.0,21799.5,48099.2939050738,-1.0,0.0,-1.0,0.0,-1.0,0.0,-1.0,0.0,Non-VPN
81091759.0,124.0,2.0,80839301.0,113624.0,8109175.9,21965.3,25600000.0,36565.8015563115,0.271297605,97.5314889889,2.0,80839301.0,3861512.33333333,17600000.0,81091759.0,81100000.0,81091759.0,0.0,80839301.0,80800000.0,80839301.0,0.0,Non-VPN
63805.0,-1.0,-1.0,-1.0,-1.0,0.0,0.0,0.0,0.0,31.3455058381,1771.0210798527,63805.0,63805.0,63805.0,0.0,-1.0,0.0,-1.0,0.0,-1.0,0.0,-1.0,0.0,Non-VPN
0.0,-1.0,-1.0,-1.0,-1.0,0.0,0.0,0.0,0.0,0.0,0.0,-1.0,-1.0,0.0,0.0,-1.0,0.0,-1.0,0.0,-1.0,0.0,-1.0,0.0,Non-VPN
109892814.0,1523.0,2.0,109813170.0,24528.0,18300000.0,9447.5,44800000.0,11653.5288947168,0.1273968651,35.3435302876,2.0,109813170.0,8453293.38461538,30500000.0,109892814.0,110000000.0,109892814.0,0.0,109813170.0,110000000.0,109813170.0,0.0,Non-VPN
49886.0,66.0,305.0,25271.0,24173.0,16628.6666666667,12239.0,14348.2321501059,16877.2246237348,140.3199294391,36062.2218658541,66.0,25179.0,8314.3333333333,12677.8074313608,-1.0,0.0,-1.0,0.0,-1.0,0.0,-1.0,0.0,Non-VPN
3599417.0,25585.0,0.0,3307791.0,157882.0,514202.428571429,30782.4285714286,1232413.96794818,59534.9821963444,4.4451643141,1506.9107024832,0.0,3307791.0,239961.133333333,849367.095201679,3599417.0,3599417.0,3599417.0,0.0,3307791.0,3307791.0,3307791.0,0.0,Non-VPN
646234.0,21.0,0.0,30150.0,29985.0,2078.2580645161,471.7753403933,4498.1174064041,2355.2729621371,2528.4958699171,2859959.39551308,0.0,25812.0,395.7342314758,2043.7050150438,-1.0,0.0,-1.0,0.0,-1.0,0.0,-1.0,0.0,Non-VPN
3099621.0,37.0,757.0,1077043.0,1204516.0,147598.142857143,238425.923076923,291947.69128866,369714.236375646,11.6143231705,2909.3879542047,13.0,1077043.0,88560.6,226415.822833941,1380760.0,1380760.0,1380760.0,0.0,1077043.0,1077043.0,1077043.0,0.0,Non-VPN
10216932.0,6.0,26.0,103012.0,10008678.0,27522.3333333333,1017170.5,35640.4625268107,3159360.9511179,2.0554115462,748.9528167556,6.0,9969231.0,510846.6,2226349.52352356,10216932.0,10200000.0,10216932.0,0.0,9969231.0,9969231.0,9969231.0,0.0,Non-VPN
54933.0,196.0,1.0,29692.0,22832.0,17896.0,4458.4285714286,15609.1772845336,8504.4380248813,218.4479274753,131705.896273642,1.0,23724.0,4993.9090909091,9215.051849605,-1.0,0.0,-1.0,0.0,-1.0,0.0,-1.0,0.0,Non-VPN
10032239.0,72.0,2.0,4784314.0,4784039.0,238842.785714286,238846.80952381,866681.663824983,866497.905633226,8.5723635571,633.5574740594,2.0,4783852.0,118026.341176471,617151.938595256,1943706.0,3329538.0,4785561.0,1422227.14170997,1943033.0,3046964.0,4783852.0,1522510.7784763,Non-VPN
14699460.0,1316.0,22.0,130779.0,77460.0,19312.2533692722,19196.5124183007,5375.3908559979,4659.6133996507,102.6568322918,12080.6478605337,18.0,77460.0,9747.6525198939,4875.8139305844,-1.0,0.0,-1.0,0.0,-1.0,0.0,-1.0,0.0,Non-VPN
14426393.0,960331.0,959915.0,964579.0,964990.0,961661.666666667,961724.4,979.0912817992,1210.0653052035,2.2181566799,248.4335481503,460.0,963953.0,465367.516129032,487762.567529761,-1.0,0.0,-1.0,0.0,-1.0,0.0,-1.0,0.0,Non-VPN
128468.0,88.0,1.0,47527.0,51906.0,19331.0,25221.0,23371.3075728909,21388.7263840869,77.8403960519,32685.1823022076,1.0,51144.0,14274.2222222222,18228.4412750911,-1.0,0.0,-1.0,0.0,-1.0,0.0,-1.0,0.0,Non-VPN
204875.0,-1.0,-1.0,-1.0,-1.0,0.0,0.0,0.0,0.0,9.7620500305,2186.6992068334,204875.0,204875.0,204875.0,0.0,-1.0,0.0,-1.0,0.0,-1.0,0.0,-1.0,0.0,Non-VPN
186299.0,-1.0,-1.0,-1.0,-1.0,0.0,0.0,0.0,0.0,10.7354306786,2404.7364720154,186299.0,186299.0,186299.0,0.0,-1.0,0.0,-1.0,0.0,-1.0,0.0,-1.0,0.0,Non-VPN
259.0,-1.0,-1.0,-1.0,-1.0,0.0,0.0,0.0,0.0,7722.0077220077,1899613.8996139,259.0,259.0,259.0,0.0,-1.0,0.0,-1.0,0.0,-1.0,0.0,-1.0,0.0,Non-VPN
195.0,-1.0,-1.0,-1.0,-1.0,0.0,0.0,0.0,0.0,10256.4102564103,2558974.35897436,195.0,195.0,195.0,0.0,-1.0,0.0,-1.0,0.0,-1.0,0.0,-1.0,0.0,Non-VPN
14126718.0,86.0,2.0,2873994.0,2872912.0,256837.109090909,196200.652777778,559887.892297536,499916.24174694,9.1316326977,2839.7254054339,2.0,2872640.0,110364.984375,385962.522004638,2991192.0,4660771.66666667,7008520.0,2092765.06570418,1842716.0,2200650.33333333,2872640.0,582373.527677756,Non-VPN
14116696.0,63.0,1.0,4868046.0,4868081.0,266346.037735849,210690.641791045,821725.694027502,737458.179063287,8.6422488662,2681.0097773587,1.0,4867876.0,116666.909090909,556867.702847042,2030081.0,4658372.0,6968898.0,2484695.0087064,1909001.0,3217401.0,4867876.0,1508806.41423096,Non-VPN
14997010.0,15670.0,-1.0,24639.0,-1.0,19996.0133333333,0.0,2729.8668284412,0.0,50.076648612,5558.5079959272,15670.0,24639.0,19996.0133333333,2729.8668284412,-1.0,0.0,-1.0,0.0,-1.0,0.0,-1.0,0.0,Non-VPN
11103185.0,102.0,2.0,5886454.0,5886356.0,925205.0,740111.8,1900739.78272841,1732340.30620152,2.6118631726,1371.7685510959,2.0,5885469.0,396542.321428571,1298225.27977502,1218114.0,3666481.0,5997381.0,2391797.88786354,1107540.0,3578569.33333333,5885469.0,2393189.35583247,Non-VPN
280.0,-1.0,-1.0,-1.0,-1.0,0.0,0.0,0.0,0.0,7142.8571428572,1671428.57142857,280.0,280.0,280.0,0.0,-1.0,0.0,-1.0,0.0,-1.0,0.0,-1.0,0.0,Non-VPN
72150.0,-1.0,-1.0,-1.0,-1.0,0.0,0.0,0.0,0.0,27.72002772,6209.2862092862,72150.0,72150.0,72150.0,0.0,-1.0,0.0,-1.0,0.0,-1.0,0.0,-1.0,0.0,Non-VPN
177893.0,144.0,27.0,88600.0,89333.0,44372.0,29801.0,62547.8374286434,51556.2249539277,39.3494966075,4643.2405996863,27.0,89079.0,29648.8333333333,45806.6891312466,-1.0,0.0,-1.0,0.0,-1.0,0.0,-1.0,0.0,Non-VPN
13784358.0,42.0,13.0,5395600.0,5356327.0,202321.25,123074.625,789546.600261885,614653.314258125,13.2033715317,2401.9979748059,8.0,5329687.0,76156.6740331492,483135.435131937,2701522.0,4547882.33333333,7210803.0,2362939.24334077,2558845.0,3521509.0,5329687.0,1567023.2258609,Non-VPN
14565063.0,50.0,2.0,5889649.0,5889994.0,315529.282608696,246865.474576271,946684.311736709,844328.515015658,7.346346528,2697.3450097676,1.0,5889511.0,137406.254716981,638466.49000063,1999955.0,3818320.0,5994772.0,2021338.77431481,1810496.0,3196217.0,5889511.0,2332788.28985883,Non-VPN
351.0,-1.0,-1.0,-1.0,-1.0,0.0,0.0,0.0,0.0,5698.0056980057,1467236.46723647,351.0,351.0,351.0,0.0,-1.0,0.0,-1.0,0.0,-1.0,0.0,-1.0,0.0,Non-VPN
14650504.0,-1.0,2.0,-1.0,604035.0,0.0,1088.4475482912,0.0,17762.5749182934,918.8079809405,36752.319237618,2.0,604035.0,1088.4475482912,17762.5749182934,-1.0,0.0,-1.0,0.0,-1.0,0.0,-1.0,0.0,Non-VPN
215.0,-1.0,-1.0,-1.0,-1.0,0.0,0.0,0.0,0.0,9302.3255813954,2083720.93023256,215.0,215.0,215.0,0.0,-1.0,0.0,-1.0,0.0,-1.0,0.0,-1.0,0.0,Non-VPN
14999593.0,55.0,29.0,21091.0,146604.0,18050.0517448857,43336.1162790698,5156.4241312576,27461.6544638197,78.4687957867,11955.791067131,29.0,21091.0,12754.755952381,7350.7260899401,-1.0,0.0,-1.0,0.0,-1.0,0.0,-1.0,0.0,Non-VPN
14012024.0,318.0,1045.0,8026157.0,8029094.0,2001717.71428571,4655412.0,3454322.33587121,4164433.7236314,0.8564073256,117.1850690521,23.0,8026117.0,1273820.36363636,2859937.53474725,5937714.0,6985358.5,8033003.0,1481593.06044524,5934737.0,6980427.0,8026117.0,1478828.98003758,Non-VPN
6119995.0,127.0,2.0,2762683.0,2710044.0,339958.444444444,266079.869565217,761988.092925707,675922.383588181,7.0261495312,2526.9628488259,2.0,2710044.0,145714.166666667,512525.53978297,2006219.0,2411352.0,2816485.0,572944.583164026,1869213.0,2289628.5,2710044.0,594557.301931025,Non-VPN
13392473.0,1436.0,5042.0,9144141.0,9156485.0,1216816.09090909,953415.571428572,2713522.24243016,2443544.75261114,2.0160578259,190.8534741866,631.0,9106578.0,515095.115384615,1813383.3965394,1479311.0,4345212.66666667,9295540.0,4304878.82698269,1391306.0,4177706.66666667,9106578.0,4280653.09580686,Non-VPN
14995181.0,15637.0,5475.0,26275.0,24695.0,19998.3618157543,19993.5746666667,2730.3825097709,3203.5244443548,100.0988250825,11110.9695841617,50.0,21560.0,9996.7873333333,3880.4782631105,-1.0,0.0,-1.0,0.0,-1.0,0.0,-1.0,0.0,Non-VPN
14985945.0,53.0,5878.0,100069.0,24186.0,19998.3511348465,20005.7716955941,5730.6434634238,3485.9558358532,100.0937878792,11110.410454596,53.0,23996.0,9997.2948632422,5501.1430519136,-1.0,0.0,-1.0,0.0,-1.0,0.0,-1.0,0.0,Non-VPN
14105458.0,63.0,1.0,2851035.0,2851721.0,216993.861538462,164010.104651163,483598.265891916,431015.816696176,10.8468650929,3262.7086621363,1.0,2850901.0,92799.0657894737,332163.074164024,2024791.0,2502654.5,2980518.0,675801.042662336,1868621.0,2359761.0,2850901.0,694576.849023202,Non-VPN
14960243.0,15.0,4035.0,71876.0,483840.0,30283.8927125506,327352.844444444,12175.3193228438,177533.23225519,36.1625142052,7918.9890164217,15.0,71876.0,27704.1537037037,13820.0074888919,-1.0,0.0,-1.0,0.0,-1.0,0.0,-1.0,0.0,Non-VPN
57517.0,-1.0,-1.0,-1.0,-1.0,0.0,0.0,0.0,0.0,34.7723281812,2312.359824052,57517.0,57517.0,57517.0,0.0,-1.0,0.0,-1.0,0.0,-1.0,0.0,-1.0,0.0,Non-VPN
14998036.0,128.0,2.0,42744.0,30437.0,18342.8714810282,16946.9333333333,5425.2176305522,6017.669837556,113.6148759744,15521.8323252458,2.0,30437.0,8806.8326482678,5603.8189679924,-1.0,0.0,-1.0,0.0,-1.0,0.0,-1.0,0.0,Non-VPN
10077734.0,10039370.0,10039190.0,10039370.0,10039190.0,10000000.0,10000000.0,0.0,0.0,0.3969146239,21.4333896886,38364.0,10000826.0,3359244.66666667,5751778.15667128,10039370.0,10000000.0,10039370.0,0.0,10000826.0,10000000.0,10000826.0,0.0,VPN
14995913.0,5159.0,90.0,25860.0,32987.0,19914.8911022576,19891.962815405,1751.8725202541,1745.856968121,100.560732781,11253.5995640946,6.0,20988.0,9950.8380889184,6660.5655548874,-1.0,0.0,-1.0,0.0,-1.0,0.0,-1.0,0.0,VPN
12930946.0,24.0,65.0,12345585.0,148835.0,862063.066666667,40349.6363636364,3177299.7046567,63602.0977071869,2.1653481501,658.4978392145,21.0,12345585.0,478923.925925926,2371999.62076684,12930922.0,12900000.0,12930922.0,0.0,12345585.0,12300000.0,12345585.0,0.0,VPN
303612.0,-1.0,-1.0,-1.0,-1.0,0.0,0.0,0.0,0.0,6.5873549135,329.3677456754,303612.0,303612.0,303612.0,0.0,-1.0,0.0,-1.0,0.0,-1.0,0.0,-1.0,0.0,VPN
1429792.0,1.0,5.0,561391.0,348168.0,64990.5454545455,75362.1875,139715.720569007,118866.412014899,27.9760972225,18951.7076609745,1.0,348168.0,36661.3333333333,88786.2260938668,-1.0,0.0,-1.0,0.0,-1.0,0.0,-1.0,0.0,VPN
14997861.0,52.0,27.0,24220.0,38264.0,17665.8219339623,17398.9106728538,5153.8232313282,6354.0199383106,114.1496110679,15101.7535100505,8.0,21767.0,8765.552893045,4243.7443324313,-1.0,0.0,-1.0,0.0,-1.0,0.0,-1.0,0.0,VPN
14944471.0,198.0,38059.0,9486004.0,9651154.0,1637470.77777778,1660496.77777778,3207430.7386139,3254654.50050513,1.3382875848,197.5312475095,76.0,9486004.0,786551.105263158,2273470.93102623,4847183.0,7372098.5,9897014.0,3570769.7439459,3806756.0,6646380.0,9486004.0,4015834.77284001,VPN
14604955.0,23077.0,59235.0,1050240.0,1052251.0,693329.9,811386.388888889,380392.42729656,313716.38922809,2.7387965249,270.2507470923,23.0,570558.0,374486.025641026,186311.810330366,-1.0,0.0,-1.0,0.0,-1.0,0.0,-1.0,0.0,VPN
324046.0,-1.0,-1.0,-1.0,-1.0,0.0,0.0,0.0,0.0,6.1719632398,1456.5833245897,324046.0,324046.0,324046.0,0.0,-1.0,0.0,-1.0,0.0,-1.0,0.0,-1.0,0.0,VPN
10431956.0,206.0,127.0,10001202.0,252156.0,2086391.2,157744.666666667,4425817.0396777,137389.718100858,0.9585930002,118.9613913249,13.0,9749591.0,1159106.22222222,3223323.97853607,10431956.0,10400000.0,10431956.0,0.0,9749591.0,9749591.0,9749591.0,0.0,VPN
10109896.0,14.0,16.0,9930230.0,9930520.0,916780.454545455,720317.142857143,2989581.81211483,2650947.69675527,2.670650618,784.4788907819,6.0,9905017.0,388842.153846154,1940990.00052499,10010931.0,10000000.0,10010931.0,0.0,9905017.0,9905017.0,9905017.0,0.0,VPN
4541967.0,48.0,20.0,4379078.0,4515040.0,258939.058823529,189248.625,1061742.4834977,921400.819097809,9.4672638529,3070.9161911568,3.0,4376020.0,108142.071428571,674951.900241133,4402947.0,4402947.0,4402947.0,0.0,4376020.0,4376020.0,4376020.0,0.0,VPN
11586519.0,20.0,485.0,4885894.0,4886276.0,961358.583333333,1140222.1,1468781.6914885,1648508.37218728,2.0713727738,784.9639740806,20.0,4836272.0,503761.695652174,1118653.62556683,2252086.0,3527663.0,5679021.0,1873823.66927267,2051272.0,3029875.33333333,4836272.0,1566201.6479473,VPN
14974431.0,99.0,35.0,4503082.0,4543613.0,415956.416666667,489682.833333333,753549.691990719,835446.286178565,4.5410740482,420.0493494544,13.0,4502979.0,223498.970149254,580465.319334084,6371033.0,7343762.0,8316491.0,1375646.54431326,1408786.0,2955882.5,4502979.0,2187924.85259972,VPN
15658891.0,280878.0,280896.0,8999720.0,8999719.0,1739873.11111111,1535115.875,2901002.83761426,3030978.62844188,1.2133681753,81.9342825747,22.0,8999678.0,869938.388888889,2182116.5443356,2717221.0,5219630.33333333,9282810.0,3550175.03150054,1036571.0,4471396.33333333,8999678.0,4092615.70857097,VPN
1498442.0,35.0,20.0,503835.0,801443.0,137068.222222222,141731.888888889,176794.566407086,267380.546561892,13.3471966216,3917.4022084272,9.0,503835.0,78865.3684210526,140335.349332594,-1.0,0.0,-1.0,0.0,-1.0,0.0,-1.0,0.0,VPN
128973.0,-1.0,-1.0,-1.0,-1.0,0.0,0.0,0.0,0.0,15.5071216456,3527.8701743776,128973.0,128973.0,128973.0,0.0,-1.0,0.0,-1.0,0.0,-1.0,0.0,-1.0,0.0,VPN
130296.0,6.0,29.0,27555.0,27482.0,9470.0,10411.3,12960.2439444634,13303.1733770556,176.5211518389,37292.0120341377,6.0,27311.0,5922.5454545455,10939.5083863915,-1.0,0.0,-1.0,0.0,-1.0,0.0,-1.0,0.0,VPN
14757572.0,0.0,18.0,956568.0,634163.0,76343.9685863874,96454.7189542484,137720.405452206,145833.399102725,23.4455911853,5905.5785057325,0.0,577592.0,42775.5710144928,86733.6923770297,-1.0,0.0,-1.0,0.0,-1.0,0.0,-1.0,0.0,VPN
6775283.0,517.0,225755.0,2130022.0,2167417.0,521175.615384615,817653.375,661881.175088605,790645.545013592,3.3946921479,496.9534113926,25.0,2129970.0,307967.409090909,562633.231774116,2659829.0,2782917.0,2906005.0,174072.718962507,1690557.0,1910263.5,2129970.0,310711.912039915,VPN
10079162.0,10039396.0,10040189.0,10039396.0,10040189.0,10000000.0,10000000.0,0.0,0.0,0.3968583896,21.4303530393,38973.0,10000423.0,3359720.66666667,5751016.93330543,10039396.0,10000000.0,10039396.0,0.0,10000423.0,10000000.0,10000423.0,0.0,VPN
0.0,-1.0,-1.0,-1.0,-1.0,0.0,0.0,0.0,0.0,0.0,0.0,-1.0,-1.0,0.0,0.0,-1.0,0.0,-1.0,0.0,-1.0,0.0,-1.0,0.0,VPN
357356.0,60.0,31.0,165010.0,139304.0,41517.5,27674.1666666667,74859.5336547056,51933.8427868193,61.563259047,11537.5144113993,31.0,139304.0,17016.9523809524,40715.8690917635,-1.0,0.0,-1.0,0.0,-1.0,0.0,-1.0,0.0,VPN
14894107.0,20.0,21248.0,1010764.0,1010872.0,350135.268292683,425545.114285714,265150.905964653,265764.353128887,5.2369705683,507.4490199379,20.0,1010738.0,193429.961038961,216035.19289659,1006484.0,7209274.5,13412065.0,8772070.44965893,1006458.0,1008598.0,1010738.0,3026.4168582666,VPN
10079033.0,10038893.0,10040153.0,10038893.0,10040153.0,10000000.0,10000000.0,0.0,0.0,0.3968634689,21.4306273231,38880.0,10000013.0,3359677.66666667,5750699.12282288,10038893.0,10000000.0,10038893.0,0.0,10000013.0,10000000.0,10000013.0,0.0,VPN
14980513.0,44.0,15.0,24750.0,41910.0,17624.1329411765,17373.2424593968,5440.4958006693,7808.1614772897,114.4153074064,15141.0702690889,15.0,22874.0,8745.191476941,5910.9889692623,-1.0,0.0,-1.0,0.0,-1.0,0.0,-1.0,0.0,VPN
14438564.0,4209.0,4202.0,1792873.0,1611746.0,528075.111111111,465760.129032258,694760.846537294,575017.753270062,4.1555379053,384.7335510651,15.0,1611746.0,244721.423728814,469682.430901683,2005661.0,2006797.14285714,2007565.0,754.0755772404,1394465.0,1487897.14285714,1611746.0,109760.452761045,VPN
14826185.0,52.0,19.0,485089.0,340834.0,170719.534883721,108220.328467153,174970.12825012,99460.7339595565,15.1758527227,5694.1822862726,8.0,340834.0,66188.3258928572,85296.5693525265,-1.0,0.0,-1.0,0.0,-1.0,0.0,-1.0,0.0,VPN
52059.0,12.0,18.0,44674.0,46073.0,8669.8333333333,10401.6,17869.3099577646,20096.5335082944,249.7166676271,56224.6681649667,0.0,38768.0,4338.25,11129.9383533782,-1.0,0.0,-1.0,0.0,-1.0,0.0,-1.0,0.0,VPN
13904142.0,14.0,9.0,2596961.0,2741303.0,4349.1216765718,2253.7981981982,58329.7344909732,45162.2975629257,669.153119984,609415.884849277,2.0,2596961.0,1494.5869074492,34170.5740495531,3503538.0,4005499.33333333,4506614.0,501538.53598386,1093545.0,1760556.66666667,2596961.0,765888.584523776,VPN
29.0,-1.0,-1.0,-1.0,-1.0,0.0,0.0,0.0,0.0,68965.5172413793,3620689.65517241,29.0,29.0,29.0,0.0,-1.0,0.0,-1.0,0.0,-1.0,0.0,-1.0,0.0,VPN
0.0,-1.0,-1.0,-1.0,-1.0,0.0,0.0,0.0,0.0,0.0,0.0,-1.0,-1.0,0.0,0.0,-1.0,0.0,-1.0,0.0,-1.0,0.0,-1.0,0.0,VPN
14444171.0,959302.0,958751.0,962297.0,961847.0,960235.133333333,960288.333333333,714.0512553298,792.1340224506,2.2154265551,310.1597177159,39104.0,922685.0,465941.0,447673.551013198,-1.0,0.0,-1.0,0.0,-1.0,0.0,-1.0,0.0,VPN
14201984.0,17.0,124.0,3260832.0,2980298.0,458127.806451613,710097.15,668510.803411579,733850.920134957,3.7318729552,1570.9072760538,17.0,2980298.0,273115.076923077,497796.064627791,4163674.0,6985704.0,9807734.0,3990953.09942362,1618986.0,2299642.0,2980298.0,962592.946510102,VPN
14975884.0,-1.0,19.0,-1.0,1292469.0,0.0,39829.4787234042,0.0,118927.378040134,25.240580122,13377.3739166249,19.0,1162463.0,39723.8302387268,115353.565154722,3906529.0,3906529.0,3906529.0,0.0,1162463.0,1162463.0,1162463.0,0.0,VPN
14443791.0,959443.0,958297.0,961475.0,961741.0,960119.0,960290.066666667,534.448514158,909.7011256975,2.2154848405,310.1678776715,39284.0,922191.0,465928.741935484,447155.970218183,-1.0,0.0,-1.0,0.0,-1.0,0.0,-1.0,0.0,VPN
12520759.0,9.0,24.0,5667019.0,5667672.0,304765.390243902,245002.392156863,987464.791775595,891415.153320843,7.5075320913,2077.5098378621,9.0,5641716.0,134631.817204301,663556.931331728,1876211.0,3095114.0,5818133.0,1828816.52355551,1327542.0,2762070.5,5641716.0,1953850.61125256,VPN
14975970.0,246.0,8.0,291997.0,369404.0,99399.25,15375.7392197125,61201.6984622009,47995.0658115782,75.0535691511,89059.2061816363,8.0,219222.0,13335.6812110419,33332.5421681716,-1.0,0.0,-1.0,0.0,-1.0,0.0,-1.0,0.0,VPN
40.0,40.0,-1.0,40.0,-1.0,40.0,0.0,0.0,0.0,50000.0,2000000.0,40.0,40.0,40.0,0.0,-1.0,0.0,-1.0,0.0,-1.0,0.0,-1.0,0.0,VPN
94.0,94.0,-1.0,94.0,-1.0,94.0,0.0,0.0,0.0,21276.5957446809,851063.829787234,94.0,94.0,94.0,0.0,-1.0,0.0,-1.0,0.0,-1.0,0.0,-1.0,0.0,VPN
14997849.0,13.0,13.0,9903644.0,9903788.0,441113.205882353,383902.282051282,1810155.04646759,1693560.59645637,5.0007171028,1432.2720544793,6.0,9878264.0,202673.635135135,1232865.12919281,4100578.0,7050569.5,10000561.0,4171917.98818523,3996910.0,6937587.0,9878264.0,4158745.29595851,VPN
14997612.0,34.0,30.0,30143.0,632922.0,18676.9763387298,152886.350515464,4424.3450987751,138620.323271318,60.1429080843,8043.2138129724,30.0,30143.0,16645.5183129856,6131.9192868092,-1.0,0.0,-1.0,0.0,-1.0,0.0,-1.0,0.0,VPN
14171770.0,43.0,45.0,5019680.0,4982484.0,1288340.63636364,1087273.07692308,1956703.45117623,1853030.48169492,1.834633218,504.3124465046,13.0,4982460.0,566870.8,1409869.70910561,1685273.0,3542936.75,5019680.0,1714956.59204072,1685249.0,3374010.75,4982460.0,1835919.93860696,VPN
11050254.0,13.0,15.0,9984564.0,9984973.0,580230.315789474,442010.16,2285099.53108404,1994831.44152614,4.1628002397,1086.7623495351,13.0,9959311.0,245561.2,1485712.8203666,9985289.0,9985289.0,9985289.0,0.0,9959311.0,9959311.0,9959311.0,0.0,VPN
13317033.0,29.0,18.0,4824998.0,4824125.0,317064.976190476,211376.444444444,924487.530230905,757727.759058053,8.0348227717,1378.9107528682,18.0,4823909.0,125632.386792453,591146.754984099,2667061.0,4386774.33333333,5576077.0,1525318.04176992,1760757.0,3309221.66666667,4823909.0,1531855.32115825,VPN
14847948.0,30.0,27589.0,1019500.0,788843.0,251708.189655172,338613.186046512,282077.661330062,211687.835312457,6.9369855013,1480.7433323447,21.0,697380.0,145568.117647059,160776.51571705,-1.0,0.0,-1.0,0.0,-1.0,0.0,-1.0,0.0,VPN
4564989.0,0.0,0.0,302404.0,673361.0,10108.1636363636,8105.0169811321,47275.7637649196,53807.200691127,200.8767162418,160394.471925343,0.0,673346.0,4983.6124454149,37692.7057496028,-1.0,0.0,-1.0,0.0,-1.0,0.0,-1.0,0.0,VPN
277594.0,-1.0,-1.0,-1.0,-1.0,0.0,0.0,0.0,0.0,7.2047666736,360.2383336816,277594.0,277594.0,277594.0,0.0,-1.0,0.0,-1.0,0.0,-1.0,0.0,-1.0,0.0,VPN
283076.0,-1.0,-1.0,-1.0,-1.0,0.0,0.0,0.0,0.0,7.0652404301,356.7946417217,283076.0,283076.0,283076.0,0.0,-1.0,0.0,-1.0,0.0,-1.0,0.0,-1.0,0.0,VPN
0.0,-1.0,-1.0,-1.0,-1.0,0.0,0.0,0.0,0.0,0.0,0.0,-1.0,-1.0,0.0,0.0,-1.0,0.0,-1.0,0.0,-1.0,0.0,-1.0,0.0,VPN
63.0,63.0,-1.0,63.0,-1.0,63.0,0.0,0.0,0.0,31746.0317460317,1269841.26984127,63.0,63.0,63.0,0.0,-1.0,0.0,-1.0,0.0,-1.0,0.0,-1.0,0.0,VPN
13109854.0,25.0,19.0,4757587.0,4744543.0,234093.071428571,156061.630952381,759556.49035838,625736.03072186,10.831547018,1913.7512896787,8.0,4742458.0,92977.6879432624,486971.404440308,1405703.0,3938026.33333333,5318401.0,2196028.39411899,1248717.0,3014315.33333333,4742458.0,1747171.63982072,VPN
17.0,-1.0,-1.0,-1.0,-1.0,0.0,0.0,0.0,0.0,117647.058823529,27100000.0,17.0,17.0,17.0,0.0,-1.0,0.0,-1.0,0.0,-1.0,0.0,-1.0,0.0,VPN
0.0,-1.0,-1.0,-1.0,-1.0,0.0,0.0,0.0,0.0,0.0,0.0,-1.0,-1.0,0.0,0.0,-1.0,0.0,-1.0,0.0,-1.0,0.0,-1.0,0.0,VPN
42060.0,-1.0,-1.0,-1.0,-1.0,0.0,0.0,0.0,0.0,47.5511174513,3447.4560152164,42060.0,42060.0,42060.0,0.0,-1.0,0.0,-1.0,0.0,-1.0,0.0,-1.0,0.0,VPN
341635.0,8.0,23.0,189961.0,164173.0,21273.7692307692,22566.8571428571,51811.0067837164,45170.7417530029,84.8859162557,26200.4771173914,8.0,164173.0,12201.25,33110.6352502625,-1.0,0.0,-1.0,0.0,-1.0,0.0,-1.0,0.0,VPN
752405.0,999.0,251513.0,288821.0,462545.0,188096.75,357029.0,127733.326280119,149222.158244009,10.6325715539,1415.4610881108,18.0,250474.0,107486.428571429,122723.821681526,-1.0,0.0,-1.0,0.0,-1.0,0.0,-1.0,0.0,VPN
619826.0,66.0,70.0,166203.0,184948.0,68862.2222222222,64078.75,62709.8341595594,72784.0641040331,30.6537641209,14237.8667561541,23.0,166157.0,34434.7777777778,55656.622881691,-1.0,0.0,-1.0,0.0,-1.0,0.0,-1.0,0.0,VPN
0.0,-1.0,-1.0,-1.0,-1.0,0.0,0.0,0.0,0.0,0.0,0.0,-1.0,-1.0,0.0,0.0,-1.0,0.0,-1.0,0.0,-1.0,0.0,-1.0,0.0,VPN
3150707.0,32.0,25.0,381398.0,462674.0,7836.8804664723,7213.2205513785,43749.7805024101,43507.0962231199,236.1374764458,177521.108754321,8.0,462657.0,4240.5208613728,33178.1075673388,-1.0,0.0,-1.0,0.0,-1.0,0.0,-1.0,0.0,VPN
1073537.0,16.0,28.0,914334.0,953198.0,144215.428571429,119281.888888889,340456.50116442,313331.31972161,16.7670047702,3514.5504998896,16.0,914313.0,63149.2352941177,219837.519962195,-1.0,0.0,-1.0,0.0,-1.0,0.0,-1.0,0.0,VPN
14997896.0,35.0,17.0,37709.0,41151.0,18308.9253365973,17439.4139534884,4880.0139089732,6094.5771737038,111.9490360515,14831.347010274,17.0,20470.0,8937.9594755662,3691.7293334996,-1.0,0.0,-1.0,0.0,-1.0,0.0,-1.0,0.0,VPN
4401137.0,4149724.0,4151788.0,4149724.0,4151788.0,4149724.0,4151788.0,0.0,0.0,0.9088560524,45.4428026212,249349.0,3900375.0,1467045.66666667,2107325.2711361,4149724.0,4149724.0,4149724.0,0.0,3900375.0,3900375.0,3900375.0,0.0,VPN
5508056.0,52.0,28.0,3213430.0,4863584.0,109560.723404255,480577.545454545,476544.648602526,1456145.05350201,10.8931354365,2963.4774955084,28.0,2991727.0,93356.8813559322,399000.097231843,3213430.0,3213430.0,3213430.0,0.0,2991727.0,2991727.0,2991727.0,0.0,VPN
14999980.0,891.0,6427.0,27169.0,22884.0,19916.857712766,19946.7819148936,1889.6474363724,1304.7197469781,100.4001338668,12552.9500706001,2.0,21921.0,9966.7641196013,6223.1456617242,-1.0,0.0,-1.0,0.0,-1.0,0.0,-1.0,0.0,VPN
452486.0,22.0,19.0,213127.0,26251.0,1817.2128514056,968.5403225806,13611.7108747719,2121.5992560391,1102.7965506115,772728.880009547,6.0,212233.0,908.6064257028,9617.2326582932,-1.0,0.0,-1.0,0.0,-1.0,0.0,-1.0,0.0,VPN
10107818.0,13.0,17.0,9922327.0,9922735.0,916587.181818182,775545.230769231,2987036.89356022,2748464.80460892,2.5722663388,779.5945672943,13.0,9897082.0,404312.72,1977729.70595845,10001538.0,10000000.0,10001538.0,0.0,9897082.0,9897082.0,9897082.0,0.0,VPN
12744770.0,16.0,9.0,2838069.0,2980053.0,7757.0115642118,3958.1108668342,118894.520013912,90382.9327036755,378.9005215473,346504.566186757,2.0,2838069.0,2639.7618061309,69422.9461262929,2999084.0,2999982.25,3000417.0,615.2326795612,2233518.0,2388534.0,2838069.0,299712.438450036,VPN
335666.0,31.0,40.0,150599.0,164576.0,19280.5714285714,28185.6363636364,40138.7227331458,49725.3473105472,80.437101166,17871.9322183361,11.0,150555.0,12910.2307692308,31821.775537902,-1.0,0.0,-1.0,0.0,-1.0,0.0,-1.0,0.0,VPN
13917122.0,9.0,17.0,12228736.0,12254285.0,295567.553191489,244160.035087719,1781704.36089106,1622015.97443068,7.6165172656,2335.1810812609,9.0,12228736.0,132544.019047619,1193821.74509608,12326390.0,12300000.0,12326390.0,0.0,12228736.0,12200000.0,12228736.0,0.0,VPN
371754.0,24.0,171.0,140221.0,139297.0,41306.0,35230.5,62363.3782289334,69379.25035148,40.3492632225,13005.9125120375,22.0,139011.0,26553.8571428571,52799.5035558788,-1.0,0.0,-1.0,0.0,-1.0,0.0,-1.0,0.0,VPN
11932053.0,49.0,19.0,6184025.0,6187017.0,437087.185185185,287837.780487805,1251389.05189589,1029311.23941673,5.8665512129,817.7972390837,19.0,6054520.0,172928.304347826,777643.553199737,1355819.0,3476335.33333333,6357026.0,2585810.63247211,1051163.0,3094652.66666667,6054520.0,2624539.26210599,VPN
10096475.0,180.0,20951.0,9996748.0,10022142.0,2517778.5,3356592.0,4986017.19119092,5772536.34166391,0.8914002164,168.5736853704,33.0,9996748.0,1262059.375,3529368.91707894,10071114.0,10100000.0,10071114.0,0.0,9996748.0,9996748.0,9996748.0,0.0,VPN
274306.0,274306.0,-1.0,274306.0,-1.0,274306.0,0.0,0.0,0.0,10.9366911406,3714.8294240739,2463.0,271843.0,137153.0,190480.424713407,-1.0,0.0,-1.0,0.0,-1.0,0.0,-1.0,0.0,VPN
889297.0,11.0,23.0,626526.0,585999.0,43139.3,47983.1111111111,139373.101251206,136538.672817884,44.9793488565,14451.8647875794,1.0,560310.0,22802.4871794872,90116.1726700806,-1.0,0.0,-1.0,0.0,-1.0,0.0,-1.0,0.0,VPN
14992721.0,26.0,41.0,25766.0,41252.0,17581.955399061,17421.076744186,5369.6522717721,5895.4546789767,114.3221433921,15519.5311111305,-2.0,20842.0,8752.3181552831,4899.8048011261,-1.0,0.0,-1.0,0.0,-1.0,0.0,-1.0,0.0,VPN
14994706.0,75.0,676.0,727725.0,1018785.0,223801.582089552,364903.87804878,216802.339570196,259700.793430603,7.3359224249,481.3032012765,19.0,554539.0,137566.110091743,147750.638931679,-1.0,0.0,-1.0,0.0,-1.0,0.0,-1.0,0.0,VPN
273296.0,273296.0,-1.0,273296.0,-1.0,273296.0,0.0,0.0,0.0,10.9771090686,3728.5580469528,989.0,272307.0,136648.0,191850.797655366,-1.0,0.0,-1.0,0.0,-1.0,0.0,-1.0,0.0,VPN
3086011.0,1067.0,46.0,878924.0,733307.0,245031.75,173103.352941176,274520.173273833,183743.132632706,10.0453303634,1387.2277188902,24.0,733307.0,102867.033333333,158492.431354587,-1.0,0.0,-1.0,0.0,-1.0,0.0,-1.0,0.0,VPN
14443187.0,959348.0,958905.0,961695.0,962139.0,960316.266666667,960287.133333333,644.2480629902,742.3730643461,2.2155774899,310.1808485897,38403.0,922622.0,465909.258064516,448412.034743974,-1.0,0.0,-1.0,0.0,-1.0,0.0,-1.0,0.0,VPN
3017904.0,3017904.0,3016905.0,3017904.0,3016905.0,3017904.0,3016905.0,0.0,0.0,1.3254232076,70.2474300044,45.0,3016905.0,1005968.0,1741522.5867173,3017859.0,3017859.0,3017859.0,0.0,3016905.0,3016905.0,3016905.0,0.0,VPN
2721346.0,50.0,17.0,1372114.0,1286850.0,63181.2926829268,63291.9117647059,223305.729818756,228498.790087224,28.2948217536,8516.3738826301,17.0,1155937.0,35807.1842105263,144294.254067648,2590433.0,2590433.0,2590433.0,0.0,1155937.0,1155937.0,1155937.0,0.0,VPN
14963916.0,139243.0,202.0,12886473.0,13224068.0,1496391.6,1235652.5,4003081.28196911,3777964.75654152,1.6038582414,110.7330460823,135.0,12886473.0,650605.043478261,2669851.49364824,13215518.0,13200000.0,13215518.0,0.0,12886473.0,12900000.0,12886473.0,0.0,VPN
2226818.0,423.0,33.0,717856.0,585055.0,174422.0,123235.470588235,193660.585104925,136316.594984166,13.9212095465,1724.8827699435,14.0,585055.0,74227.2666666667,116396.787454612,-1.0,0.0,-1.0,0.0,-1.0,0.0,-1.0,0.0,VPN
251146.0,-1.0,-1.0,-1.0,-1.0,0.0,0.0,0.0,0.0,7.9634953374,398.1747668687,251146.0,251146.0,251146.0,0.0,-1.0,0.0,-1.0,0.0,-1.0,0.0,-1.0,0.0,VPN
14881282.0,139.0,9.0,253505.0,327988.0,106028.692857143,14112.0104562738,69608.2061741479,47912.0947954063,80.2350227622,96726.3438727927,9.0,214619.0,12473.8323554065,34235.8619962126,-1.0,0.0,-1.0,0.0,-1.0,0.0,-1.0,0.0,VPN
14983959.0,180.0,1996.0,25387.0,35324.0,19871.1273209549,19867.4297082228,2021.8016496993,1766.6134076168,100.7744348473,11688.0325153052,5.0,20517.0,9929.7276341948,7570.3694243758,-1.0,0.0,-1.0,0.0,-1.0,0.0,-1.0,0.0,VPN
282415.0,-1.0,-1.0,-1.0,-1.0,0.0,0.0,0.0,0.0,7.0817768178,357.6297292991,282415.0,282415.0,282415.0,0.0,-1.0,0.0,-1.0,0.0,-1.0,0.0,-1.0,0.0,VPN
4341528.0,37.0,6343.0,714456.0,534906.0,195585.318181818,271343.4375,177875.364522167,188554.540653704,9.2133460846,830.5831495271,24.0,534906.0,111321.230769231,130892.038979692,-1.0,0.0,-1.0,0.0,-1.0,0.0,-1.0,0.0,VPN
130958.0,-1.0,27.0,-1.0,791.0,0.0,409.0,0.0,540.2286552933,30.544143924,2397.7152980345,27.0,130140.0,43652.6666666667,74901.2018851055,-1.0,0.0,-1.0,0.0,-1.0,0.0,-1.0,0.0,VPN
6313077.0,36.0,18.0,5220127.0,5351203.0,128838.306122449,280585.363636364,746234.267366313,1136544.42678314,11.5632994814,4354.7702649596,5.0,5084695.0,87681.625,600585.731748973,5220127.0,5220127.0,5220127.0,0.0,5084695.0,5084695.0,5084695.0,0.0,VPN
6557.0,6557.0,-1.0,6557.0,-1.0,6557.0,0.0,0.0,0.0,305.0175385085,15860.9120024401,6557.0,6557.0,6557.0,0.0,-1.0,0.0,-1.0,0.0,-1.0,0.0,-1.0,0.0,VPN
114310.0,22.0,16.0,26509.0,50229.0,10391.8181818182,11169.1428571429,11939.7388691561,19775.5470461929,174.9628204007,50634.2402239524,11.0,25514.0,6016.3157894737,10001.7359635028,-1.0,0.0,-1.0,0.0,-1.0,0.0,-1.0,0.0,VPN
14906169.0,276386.0,333087.0,14629508.0,14572301.0,7452947.0,7452694.0,10100000.0,10100000.0,0.4025179105,36.0253529931,275.0,14296696.0,2981233.8,6327390.14709181,14629783.0,14600000.0,14629783.0,0.0,14296696.0,14300000.0,14296696.0,0.0,VPN
2411828.0,29.0,1707.0,243211.0,422093.0,118684.1,219250.181818182,82929.9964182855,164612.767690309,13.6825677453,1306.4779080432,29.0,243211.0,75369.625,83059.2775184512,-1.0,0.0,-1.0,0.0,-1.0,0.0,-1.0,0.0,VPN
14235831.0,51.0,54.0,14175696.0,14175699.0,2372630.66666667,2372635.5,5782346.95738608,5782345.97615353,0.9834339843,337.6690830342,13.0,14175652.0,1095063.92307692,3930262.30268761,14175699.0,14200000.0,14175699.0,0.0,14175652.0,14200000.0,14175652.0,0.0,VPN
10078654.0,10039489.0,10039478.0,10039489.0,10039478.0,10000000.0,10000000.0,0.0,0.0,0.3968783927,21.4314332053,39165.0,10000313.0,3359551.33333333,5751068.30381381,10039489.0,10000000.0,10039489.0,0.0,10000313.0,10000000.0,10000313.0,0.0,VPN
14996372.0,138.0,6.0,252047.0,317185.0,70735.358490566,5351.634181297,59261.5677384887,26321.8563962669,200.3817990111,253941.153233595,5.0,214941.0,4992.1344873502,20515.9178256785,-1.0,0.0,-1.0,0.0,-1.0,0.0,-1.0,0.0,VPN
165666.0,64.0,16.0,56527.0,65341.0,20101.6,17533.125,24140.2408345484,27188.3975408498,90.543623918,23155.0227566308,4.0,65158.0,11833.2857142857,21410.1055001481,-1.0,0.0,-1.0,0.0,-1.0,0.0,-1.0,0.0,VPN
3757267.0,369.0,116748.0,961614.0,1271837.0,268376.214285714,387513.666666667,245402.152524783,345628.462289168,6.6537725426,463.3687198701,21.0,961614.0,156552.791666667,224502.395178562,-1.0,0.0,-1.0,0.0,-1.0,0.0,-1.0,0.0,VPN
9709757.0,-1.0,48253.0,-1.0,5668726.0,0.0,882705.181818182,0.0,1739280.89827528,1.3388594586,579.4171779994,48253.0,5668726.0,809146.416666667,1660473.63368763,2825376.0,4314872.0,5804368.0,2106465.44430024,2345581.0,4007153.5,5668726.0,2349818.36436596,VPN
14440454.0,959225.0,959133.0,960892.0,960909.0,960086.133333333,960093.0,565.6434220888,579.5151298407,2.2159968101,310.2395534102,39059.0,921585.0,465821.096774194,447834.439215867,-1.0,0.0,-1.0,0.0,-1.0,0.0,-1.0,0.0,VPN
413414.0,108391.0,-1.0,174647.0,-1.0,137804.666666667,0.0,33746.8991143384,0.0,12.0944138321,1173.1581417175,125.0,174647.0,103353.5,74134.4235516358,-1.0,0.0,-1.0,0.0,-1.0,0.0,-1.0,0.0,VPN
7292522.0,0.0,0.0,780638.0,785605.0,13255.1161048689,9153.9204693612,63645.4960875357,53225.6900690132,178.6761836303,146376.795297978,0.0,780625.0,5601.0153609831,41362.6925077251,-1.0,0.0,-1.0,0.0,-1.0,0.0,-1.0,0.0,VPN
4526991.0,38.0,29.0,3354165.0,3670225.0,348230.076923077,471812.444444444,913559.292387287,1205328.45943498,5.301534728,1439.1457813811,11.0,3354165.0,196825.695652174,696361.408770744,4230024.0,4230024.0,4230024.0,0.0,3354165.0,3354165.0,3354165.0,0.0,VPN
280448.0,-1.0,-1.0,-1.0,-1.0,0.0,0.0,0.0,0.0,7.1314468279,360.1380648106,280448.0,280448.0,280448.0,0.0,-1.0,0.0,-1.0,0.0,-1.0,0.0,-1.0,0.0,VPN
4550028.0,11.0,54.0,2312697.0,1967370.0,608438.571428572,568753.5,850685.475879571,635591.612844847,3.736240744,1555.3750438459,11.0,1967370.0,284376.75,496618.059129549,3352827.0,3352827.0,3352827.0,0.0,1967370.0,1967370.0,1967370.0,0.0,VPN
35.0,35.0,-1.0,35.0,-1.0,35.0,0.0,0.0,0.0,57142.8571428571,2285714.28571429,35.0,35.0,35.0,0.0,-1.0,0.0,-1.0,0.0,-1.0,0.0,-1.0,0.0,VPN
268128.0,-1.0,-1.0,-1.0,-1.0,0.0,0.0,0.0,0.0,7.4591240005,343.119704022,268128.0,268128.0,268128.0,0.0,-1.0,0.0,-1.0,0.0,-1.0,0.0,-1.0,0.0,VPN
14989301.0,43.0,3260.0,1751869.0,1880966.0,416369.472222222,457961.9375,500564.433191343,416368.017673605,4.6699976203,460.661908117,9.0,1744560.0,217236.246376812,340692.492523679,1744639.0,2994166.25,4105943.0,994104.47062968,1004429.0,1326596.0,1744560.0,324420.814864994,VPN
10077383.0,10038896.0,10038928.0,10038896.0,10038928.0,10000000.0,10000000.0,0.0,0.0,0.3969284486,21.4341362237,38455.0,10000441.0,3359127.66666667,5751546.06118119,10038896.0,10000000.0,10038896.0,0.0,10000441.0,10000000.0,10000441.0,0.0,VPN
7572081.0,49.0,20.0,4748985.0,4678350.0,190799.974358974,130556.035087719,764271.832768358,624893.695575137,12.9422809925,1854.4439764974,20.0,4548561.0,78062.6907216495,465340.387176774,6099838.0,6099838.0,6099838.0,0.0,4548561.0,4548561.0,4548561.0,0.0,VPN
10077991.0,10038556.0,10039238.0,10038556.0,10039238.0,10000000.0,10000000.0,0.0,0.0,0.3969045021,21.4328431133,38753.0,9999803.0,3359330.33333333,5750818.03257944,10038556.0,10000000.0,10038556.0,0.0,9999803.0,9999803.0,9999803.0,0.0,VPN
14984196.0,103.0,499.0,27228.0,35191.0,19895.3187250996,19919.1994680851,2025.3458407415,1688.246614863,100.5726299896,11931.2374184107,8.0,20614.0,9949.6653386454,7591.6300359154,-1.0,0.0,-1.0,0.0,-1.0,0.0,-1.0,0.0,VPN
10077445.0,10038672.0,10038682.0,10038672.0,10038682.0,10000000.0,10000000.0,0.0,0.0,0.3969260065,21.4340043533,38763.0,9999909.0,3359148.33333333,5751067.43778795,10038672.0,10000000.0,10038672.0,0.0,9999909.0,9999909.0,9999909.0,0.0,VPN
278677.0,-1.0,-1.0,-1.0,-1.0,0.0,0.0,0.0,0.0,7.1767673687,330.131298959,278677.0,278677.0,278677.0,0.0,-1.0,0.0,-1.0,0.0,-1.0,0.0,-1.0,0.0,VPN
1263174.0,0.0,9.0,401077.0,218214.0,57417.0,65679.5,113877.588324147,100314.754848593,31.6662629218,21500.6008673389,0.0,215669.0,32389.0769230769,76406.4170317226,-1.0,0.0,-1.0,0.0,-1.0,0.0,-1.0,0.0,VPN
11918048.0,21.0,26.0,4839862.0,4839926.0,518176.0,510340.608695652,1169450.82193063,1190075.62127945,4.0275051753,1016.6094313431,8.0,4839838.0,253575.489361702,847973.336319639,2743066.0,3707427.33333333,5218482.0,1325170.28860325,2352462.0,3257302.66666667,4839838.0,1375213.57878143,VPN
14999283.0,194.0,19.0,30705.0,41014.0,18270.0085365854,17376.2633410673,5308.3115159258,6014.374912583,112.2720332699,14763.0390065979,1.0,27170.0,8912.2299465241,6581.2847499689,-1.0,0.0,-1.0,0.0,-1.0,0.0,-1.0,0.0,VPN
111806.0,-1.0,-1.0,-1.0,-1.0,0.0,0.0,0.0,0.0,17.8881276497,822.8538718852,111806.0,111806.0,111806.0,0.0,-1.0,0.0,-1.0,0.0,-1.0,0.0,-1.0,0.0,VPN
